index,이전화자,이전대사,지해대사
1,연수,"아빠! 저 음악하고 싶어요!
사실, 실용음악과 지원했구요, 내일 합격자 발표날이에요! 저 합격하면 음악하는 거
허락해 주세요! (잔잔한 음악)
휴… 절대 이렇게 말 못하겠지?
저… 사실 실용음악과 지원했는데요. 아빠는 아마 못 가게 할 거예요… 아빠는 맨날
공부하래요. 아빠처럼 몸 쓰는 일 하지 말고 취직해야 한다면서.
아, 아빠 앞에서는 왜 이렇게 말이 안 나오냐!","안녕하세요, 오디션 번호 000번 000입니다! (하고 싶은 말, 포부 등)"
73,연희,아주 예전에 누가 가사 써놨던 거예요. 한 번 볼래요? (퇴장),"(혼잣말로 외우듯) 지금을 기억할게, 순간이 모여 처음이 된 그 어느 날.
어, 잠시만요 그거 제 거… (바로 빼앗듯이 노트를 열고 적기 시작한다) 지…금…을…
기억할게… 순간이 모여 처음이… 된… 그… 어… 느… 날! 휴~.
(연수의 애플마티니 쳐다보며) 저기 혹시, 그 술 이름이 뭐예요?"
75,연수,"아, 이거… 어 이름이 뭐더라… 저도 오늘 처음 와서 잘 몰라요…","사장님 금방 오셨나 보다, 저 화장실 진짜 금방 갔다 왔는데…"
78,연희,(손님이다! 뛰어 들어오며) 어서 오세요!,(놀라며) 안녕하세요.
89,연수,"아니,","(연수 말과 동시에, 허세 어리게) 술집이 처음이냐고 물으시는 거라면 아니고요,
여기는 처음이 맞네요."
91,연희,"네, 어떤 걸로 준비해 드릴까요?",좀… 독한…
93,연희,무슨 일 있으신가 보다.,무슨 일이 있어야 마시나요… 그냥 일상적으로다가…
95,연희,"아, 그래요?",그…럼요
97,연희,그럼 간단하게 보드카 한 잔 준비해 드릴게요.,"네.
저기… 이게 다예요?"
99,연희,"네, 보드카입니다. 무색, 무취, 무맛이 기본이긴 한데요.
원래는 추운 지방에서 몸에 열을 올리는 용도로 사용하는 술이니까 독한 건 말할 거
없겠죠.",소주같은 느낌인가?
101,연희,조심하셔야 돼요.,네. 원샷!
103,연희,어!,"(내적 비명, 목이 타는 것 같음)"
105,연희,괜찮으세요?,커어… 네.
107,연희,제일 약한 게 소주의 세 배예요.,으허억…
109,연희,진짜 무슨 일 있으신가 보다.,"걱정 반, 기쁨 반요."
111,연희,…,오늘이 대학교 합격자 발표 날이거든요.
113,연희,오! 분위기가 떨어진 분위기가 아닌데? 축하드립니다. 한 잔 더 드릴까요?,아뇨! 혹시 조금 더…
115,연희,맛있는 걸로? 도수가 약한 걸로?,맛이… 둘 다요.
117,연희,음… 그럼 다른 것도 말해줄 수 있어요?,네?
119,연희,"아까 걱정 반, 기쁨 반이라고 하셨지 않아요?",네 맞죠.
121,연희,두 번째 이야기 들으면 오늘에 어울릴 만한 술을 추천할 수 있을 것 같아서요.,"… 제가 어렸을 때부터 병원에 다녔는데요. 오늘이 딱 5년째인데 저 완치 판정
받았어요!"
123,연희,와 축하드립니다.,그래도 완전히 안심할 수 없지만… 감사합니다.
125,연희,그럼 뭐야… 걱정이 반인데… 대학에 붙은 게 걱정인 거예요?,"네. 제가 사실 글 쓰는 걸 좋아하는데…
대학에 막상 덜컥 붙어 버리니까 걱정이 되네요."
127,연희,"우와, 작가이신 거예요?",지망생인 거죠.
132,연희,"아까는 아까고, 지금은 지금이죠.  말해 주세요. (지해에게) 괜찮으시죠?","네, 그럼요. 그쪽도 글 쓰세요?"
134,연수,아니 저도 글을 쓰긴 하는데 글은 가사 쪽만 하고… 일단은 작곡을 좀 더…,와 멋있다.
136,연수,"멋있긴요… 암튼 저도 비슷해서, 그 맘 이해해요.",신기하다.
138,연희,"저도 엄청 신기하네요, 두 분 같이 오셨는 줄 알았는데 아니었고, 두 분 다 비슷한
상황이시고… 이렇게 보면 두 분 좀 닮은 거 같기도 하고요. (사이 / 머쓱한 침묵)
(지해, 연수 보며) 기분… 나빠지신 것 같은데? 하하 농담입니다.
좋아하는 과일 있으세요?",음… 사과요.
140,연희,"아, 사과… 애플 마티니로 준비해 드릴게요.
오늘 달달하고 기분 좋은 맛은 느껴야 할 것 같지만, 또 취하긴 해야 할 것 같아서요.",딱 좋은데요?
143,연수,"뭐야… 저거 작업 멘트야 뭐야? 메뉴에 없기는, 메뉴판에 이거 하나밖에 없더만…",아 진짜요? (메뉴판을 열어보니 아니다)
165,이암,"네, 감사합니다.",계세요~?
167,연희,어서 오세요.,안녕하세요.
169,연희,어젠 잘 들어가셨어요?,네…
171,연희,같은 걸로?,네!
173,연희,"네, 잠시만 기다려 주세요,",혹시… 여기서 노래도 하나요?
175,연희,네?,어제… 기타 메고 누가…
177,연희,"아, 이암이. 네 왜요?",아니에요.
179,연희,그… 병원 이야기 좀 해주세요. 뭐가 좀 안 좋은 데가 있으셨던 거예요?,"아, 기억 하시네…"
190,이암,안녕하세요.,네…? (어색해하며) 네.
192,이암,"네.
저… 혹시",저 이만 가볼게요.
194,이암,많이 남았는데.,"(원샷하며) 아, 너무 맛있다."
196,이암,급한 일 있으세요?,제가 술을 좋아해요.
198,이암,네?,"아, 완샷이 원래 일상생활이니까 이상하게 생각하지 마시라 뭐 그런 거죠."
200,이암,"저기 혹시 실례가 안 된다면, 이야기 좀 더 나눌 수 있을까요?",네…
202,이암,"아, 글을 쓰신다고…","글, 아 네 글, 글이 왜요?"
204,이암,실은 제가 노래를 하는데요.,"네 잘 알죠! 아뇨, 아 그랬군요, 축하드려요 …."
206,연수,악! 저기… 아… 빠?,왜 그러시죠?
208,연수,아니에요. 제가 아는 사람이랑 너무 닮아서요.,아… 다행이다.
210,연수,네?,아니요! 네?
212,연수,네?,뭐가요?
214,연수,다행…,네?
223,썸데이,"다 줬어요! 내 마음, 그리고 내 돈, (의도적으로 섹시하게) 내… 몸까지. 그랬는데!!!
(주위를 보더니 정신 차린 듯 하다, 울먹이는 모습 그대로) 어머, (지해를 보고)
사랑에 빠진 눈이네…","네? 어머, 아니에요. 제가요?"
225,썸데이,이 바보야!,네?
227,썸데이,윤정이는 바보야!,저는 지핸데요.
229,썸데이,내가 윤정이에요.,"아, 네."
231,썸데이,나도 그런 눈을 하고 있었지. 그러지 마! 그런 사랑에 빠진 눈 하지 말라구!,네? 저… 저는…
267,연수,잠깐만요… 월드컵이 지금 혹시 언제 월드컵 이야기하시는 거예요? 브라질이죠?,"(이암에게 정신 팔려있다가) 브라질 맞지 않나요, 아니다 아르헨티난가?"
278,연수,"여긴 누구도 날 몰라. 나를 방해할 사람도 이젠 없을 거 아니야!
그럼 우리 아빠가 노래를 좋아하게 만들면 나도 계속 노래를 할 수 있는 거잖아!","아~ (그때 왜 그랬지…)
좀 괜찮아?"
280,연수,음… 어. 너가 안 괜찮은 것 같은데.,"무슨, 흠흠…"
282,연수,저기… 하나만 물어보자. 그… 김이암… 씨? 여기 자주 와?,"내가 특별히 관심은 없어서 잘은 모르는데, 여기 사장님이랑 제일 친한 친구같아.
저녁에 일 같이 하는 거 같은데… 노래도 하고, 집은 여기서 안 멀어."
284,연수,"(방백) 거의 다 아네. (돌아와서) 그런데, 노래를 한다고?","어 관심이 없어서 잘은 모르는데 낮엔 오디션도 보고 그러는지 기획사 있는데
다니고, 저녁에 여기서 노래 부르더라구… 혹시 이암이 잘 알아?"
286,연수,어…? 뭐… 잘 안다고 해야 하나? 그나저나 노래를 한다… 하… 노래를 한다 이거지?,왜… 그러는지 혹시 물어봐도 돼?
288,연수,사실 내 꿈이 싱어송라이터거든!,(정말 처음 듣는 말) 싱어송라이터? 그게 뭐야?
290,연수,응? 작사 작곡하고 노래까지 부르는 사람.,"아, 만능 엔터테이너?"
292,연수,만능 엔터테이너?,"어, 종합예술인 말하는 거잖아, 홍서범 같은!"
294,연수,홍서범?,"어, 김삿갓삿갓 김김삿갓삿갓 … (심취했다가 민망해서) 그런데 그게 왜?"
296,연수,"너, 하고 싶은 걸 못하게 하는 사람 있어?",음… 있긴 하지?
298,연수,누구?,나.
301,연수,이해가 잘 안 되는데?,"어렸을 때부터 병원을 다녀서… 아니야, 그런 게 있어. 왜 물어?"
305,연희,안녕하세요.,초대해 주셔서 감사해요.
310,연수,아닌데요,그런데 저기 이암씨 혹시 왜…
312,연희,"노란 택시! 제가 먼저 봤어요.
애플 마티니 괜찮으시죠?","네, 아 저 안 마셔도 되는데…"
314,연희,"어? 안 되는데… 제가 이거 만들어 드리려고 생 사과도 사 왔는데요, 드셔야죠.
다른데는 라임주스나 사과 향료가 들어가거든요. 그런데 우린 또 특별한 게
있어야죠? 다 갈아서 한 번 넣어 볼 거예요. 거품도 내 보고…",네 고맙습니다.
337,연수,"잠깐만요, 저는 여기 이분이… 하고 싶은 일을 절대 포기하지 않고 열심히 하셨으면
좋겠어요. (이암에게) 동의하시나요?","네! (사이) 아니, 누구나 하고 싶은 걸 계속 하.. 할… 그… 권리가 있으니까…?"
344,이암,난 동물처럼.,그게 대체 무슨 말이에요?
350,노래,[노래] 곤충처럼,"연수야. 나 글을 써야 할 이유가 생겼어.
(암전 중에) 해도 돼? (조명 들어오면 읽어주듯)"
352,노래,[노래] Someday,제목은 썸데이야. 어때?
354,이암,아…,별로야?
356,이암,와! 어떻게 이런 글이 나오지? 난 도대체 무슨 노래를 부른 거야…,일단은 간단하게 먼저 써 본 거야. 좋으면 계속 써볼까?
358,이암,"어, 너무 좋아. 너무너무 좋아!","이암, 이암… 이름이 특이해. 무슨 뜻이야?"
360,이암,이로울 이에 어두울 암. 아버지가 동사무소에서 한자를 잘못 고르셨대.,"어머, 어떻게 해."
362,이암,"그런데 더 재미있는 건 어차피 제대로 골랐어도 바위 암 자였다는 거야. 이로운
바위, 하하. 지금은 어두운 놈인데, 제대로 됐어도 어차피 돌이었어.","빛의 입장에서는 어둠이 엄청 고맙지 않나? 빛을 더 밝게, 더 필요하게 만들어
주잖아."
364,이암,"와 그렇게는 생각 안 해봤는데… 글을 써서 그런가 어떻게 그런 생각을 하지?
고마워. 나라는 놈한테 의미를 만들어 줘서. 내가 누군가한테 이로울 수 있네.
(사이) 네가 빛이었으면 좋겠다.",어?
366,이암,아니야…,"할게, 내가… 빛.
그럼 이제 우리 키스하는 건가?"
368,이암,어?,"아, 아닌가?"
370,이암,"아니, 내가 처음이라 잘 모르는데.","나도 처음이라… 아, 그럼 뽀뽀부터 하는 건가부다…"
372,이암,어?,… 아닌가?
384,이암,그럼… 저기 우리 아까 어디까지 했었지?,키스… 아니 뽀뽀하기로 했지 않았나?
386,이암,계속 하던 거 해야겠지?,아무래도…
388,썸데이,"저기요! 계세요?
아, 아까 내가 나왔었나?",이암아 우리 나가서 하자
392,연수,(바다를 처음 본 환희에 가득 차) 아~,어때 완전 기분 전환되지?
394,연수,어! 너무 좋다~.,"(사이) 있잖아 저 파도 말이야, 보고 있으면 참 대단한 것 같아."
396,연수,뭐가?,"저렇게 해변이 밀어내고 내치고 하는데 지치지 않아. 보통 이렇게 테두리가 있잖아
물이 딱 거기까지밖에 못 가고… 그런데 계속 포기 안 하고 넘어 보겠다고 도전하는
것 같아. 그러다 보면 한 번쯤 그 한계를 확 넘어서 세게 올라오더라… 그 때, 그 한계
선 밖에서 쟤는 못 넘어온다고 놀리던 사람들 발 다 적셔놓고 샥 다시 돌아가는
거야.
이암이가 그래, 대중가요 아니면 안 된다는 이 세상에서 언젠가 한 번쯤 그 사람들
깜짝 놀라게 해 줄 거야. 멋있지?
연수야, 그러니까 너도 서두르지 말고, 그렇다고 머무르지도 말고 파도처럼 계속
해변을 향해서 두드려 봐. 뭐든 저질러야 기적이 일어나는 법이니까…"
398,연수,파도처럼 포기하지 말고 계속… 히잉.,뭐야! 너 울어?
400,연수,그 말이 듣고 싶었나봐. 나… 누군가 그 말 해주길 기다렸나봐.,"하… 연수야, 나 너 진짜 믿는 거 알지?"
402,연수,뭐야 무섭게…,너… 남자친구 사귀어 봤어?
404,연수,"하, 참나 나를 뭘로 보구… 당연히… 그런데 왜?",너두 없구나. 됐어 그럼~
406,연수,뭐야 너 수상해…,나 부탁이 하나 있어.
408,연수,뭔데 말만 해.,나 노래 하나만 만들어 주라.
410,연수,응? 작곡?,가사 썼는데 이거 너무 부끄러워서 너한테밖에 말 못해.
412,연수,뭔데 뭔데 뭐 있네 진짜. 누군데!!!,써 줄 거야 말 거야.
414,연수,알았어 써줄게. 말해줘.,제목은 보드카야.
417,노래,"[노래] 보드카 (지해, 연수)","하고 싶어? 그럼 마셔!
네 뜨겁지만 투명한 피부를 온전히 느끼고 싶어."
419,연수,네가 내게 채워지는 순간을 (천천히 악상 떠올리듯 멜로디 더하며) 기다리고 있어.,"기억해 둬, 내가 원할 때만이야!"
422,이암,뭐? 부끄럽게 이걸 어떻게 불러,해줘~!
426,연수,"악!
잠깐만, 이건… 이건 아니지.",놀랐지?
430,연수,조용!...해.,너 괜찮아?
432,연수,"아니 안 괜찮아. 이렇게 되면, (지해 보고) 네가… 우리… 엄… 아나 아냐.
사귀고 그럴 수 있지. 그냥 사귀기만 하면 돼. 그래그래 행복해라. 잘 사귀어라.
(지해에게 신신당부) 그리고 헤어지기 전에 아주 평생 불러도 다 못 부를 정도로
가사 써줘라… 알았지?",히히 고마워. 그리고 우리 이암이 너무 미워하지 마.
440,이암,응 그렇게 됐네. 그리고 우리 얼마 전에 혼인신고도 했어.,축하해 줘~!
443,연수,"아, 이건 아니다 진짜…","그리고 이건 이암이한테도 말 안 한 건데… (임신테스트기를 꺼내며) 나 임신했어!
못 말린다 저 둘."
445,연희,몸은 좀 괜찮아?,나는 뭐 체질인가 본데? 입덧도 없고…
447,연희,아기 검진 같은 거 뭐 이런 것도 해?,"아니, 말도 마. 특별히 뭐 하는 것도 없는데 한 번 가면 10만원이 넘게 깨져.
2주에 한 번씩 오라는데 그걸 어떻게 가니, 그래서 한 달에 한 번씩 가다가 이번
달엔 아직 안 갔지 뭐. 다음 달에 가면, 돈 20만원 아끼는 거야."
449,연희,그래도 되나…? 그래도 가야 하지 않아?,"괜찮아 건강해 건강해. 그리고 이제 돈 들어갈 일도 더 많을 텐데, 지금 더 아껴야지.
이암이도 아직 자리 잡고 안정적으로 돈 버는 상황이 아니니까."
451,연희,하긴… 그렇지… 혹시 돈 필요하면 내가 좀…,오~ 의리!!
453,연희,진심이야 지해야.,"… 어허! 거기까지! (선 넘지 말라는 듯, 악수하자며 손 내밀고) 나 간다, 쟤네 정분
나겠어…"
521,썸데이,빠르게 빠르게 빠르게,"안녕하세요, 롯데리아입니다. 주문하시겠어요?
(연수 보며) 어! 잠깐만 기다려, 이제 끝나.
여기 치즈버거 하나 추가요! 감사합니다 땡큐~
안녕히 가세요. 롯데리아입니다! (연수 보며) 왔어?"
523,연수,"어~
배 많이 나왔네, 이렇게 일 해도 괜찮아?",건강해서 탈이다.
525,연수,몇 개월 됐지?,5개월~!
527,연수,와 벌써 그렇게 됐나… 힘들지 않아?,"여기서 일하면 밥도 주지, 이렇게 한 끼 더 싸갈 수 있게 해주지, 돈 벌지. 캡이야!"
529,연수,몸에 안 좋을까봐.,"남들은 없어서 못 먹는데 무슨 소리야. 이렇게 아껴야 우리 아기도 나중에 맛있는
거 많이 사주고 이암이도 계속 하고 싶은 노래하지. (태동을 느끼고) 어?"
531,연수,왜?,지금 찼어. 아기가 발로 찼어.
533,연수,우와 신기하다! 나 한 번 만져봐도 돼?,"응! 여기여기
(비밀처럼) 연수야! 딸이래~ 이암이한텐 아직 비밀이야."
535,연수,아 너무 좋다~!,나도 좋다!
537,연수,아니야~~ 넌 몰라~!!,"치, 너가 좋으면 나도 좋다! (행복하게 앉아있다가) 어? 잠깐만 나 왜 이러지…"
539,연수,어? 왜 그래. 어머 왜 이래.,우리 아기 무슨 일 있는 거 아니겠지? 어떻게 해.
545,연수,괜찮아 괜찮을 거야.,그래… 괜찮겠지? 혹시 이암이한테 연락했어?
547,연수,"아니 용역사무소 나갔대. 연희한테는 말했는데, 다시 전화 해볼까?","아니, 괜히 걱정할 것 같아. 좀 더 기다려 보자.
선생님. 아기는 괜찮나요?"
551,썸데이,"네, 안 그래도 그 말씀을 드려야 하는데… 산모에게 문제가 있어요.
저희 병원 다니셨었죠?",그런데요?
553,썸데이,네… 아무래도 그때 그 이유로…,저 완치 판정 받았는데…
557,이암,"박수 한 번 주세요!
감사합니다. 오늘은 여기까지 하겠습니다.
(지해 보고 놀라서) 왜 집으로 안 가고?",그냥… 보고 싶어서.
559,이암,"… 말도 없이 … 아, 오늘은 어땠어?",좋았어… (사이) 그런데…
561,이암,"알아. 다르지… 맞아… 그런데… 나도 나름대로 느낀 게 있어서… 그냥 노래면 되지
않나… 내가 정말 하고 싶은 건 노랜데 내가 굳이 뭐 그런 걸 나눌 필요 있나…",…
563,이암,"네 가사는 최고야, 물론 연수가 준 음악도 좋고… 그런데… 일단 인지도가 필요해.
내가 유명해지지 않으면 우리 노래를 들어줄 사람이 없으니까…",돈 때문에 그래?
565,이암,"뭐 물론 돈이 중요하지 않다고도 말 못하고… 그런데, 있잖아 나 진짜 괜찮아.
진짜 재미있고, 사람들 즐거워하는 것도 좋고… 되게 좋아 나.",낮에 일 하잖아.
567,이암,그건… 이거랑 다른 거지.,돈 버는 일은 낮에 하는 거 아니었어?
569,이암,… 언제까지 그 일을 할 수는 없잖아. 나도 결국 음악을 해야 하니까.,"아니, (사이) 하… 그래. 그럼 둘 중에 하나는 그만하고
나랑 시간을 보낼 순 없나 물어보려고 했어."
571,이암,… 왜?,… 그냥.
573,이암,지금 되게 중요한 시기야.,나도 그래.
575,이암,갑자기 왜 그래.,"갑자기가 아니야. 계속 얘기하고 싶었어. 같이 내가 쓴 가사 읽으면서 그렇게 서로
이야기도 하고 너 노래도 만들고… 우리 그런 시간 못 가진지 꽤 오래 됐잖아."
578,이암,"아니, 가사들 어디 가는 거 아니잖아. 시간 나면 보고 그렇게 같이 만들고 하면 되지.",언제까지 그럴 건데…
580,이암,"그거야… 잘 모르지…
아니, 이런 걸 원한 거 아니었어?",무슨 말이야.
582,이암,뭔가 안정적인 일을 하면서 미래를 준비하는… 내가 그러길 원하는 거 아니었냐고.,"아니, 난 전혀… 이암아, 이게 네가 원하는 삶이야? 넌 너의 이야기를 할 거랬잖아."
584,이암,"없어 아무도 없다고. 내 이야기를 들어 줄 사람이 아무도 없다고!
내 노래가 아니라 대중가요를 원한다고 사람들은! 드디어 사람들이 좋아하는
음악을 하잖아.
(이암) 진심이 뭐야 그게 무슨 소용 아무도 듣지 않으면 다 무슨 의미야
(지해) 아니잖아 네 진심은 네가 말했던 그 꿈이잖아. 사람들이 뭘 원하든",할 말만 있으면 돼. 네가 할 말이 있으면 들으러 오는 사람이 생겨.
586,이암,… 어떻게 하길 원해.,시간을 내 줘. 나랑 같이 해 줘.
588,이암,언제… 그럼 노가다를 뺄까? 돈 벌지 마? 아니면 노래를 하지 마?,그런 말이 아니잖아.
590,이암,왜 그러는 거야 갑자기…,… 병원에 갔었어.
592,이암,어?,"아, 아기는 건강하대… 그리고 딸이래."
594,이암,정말? 딸이라고? 너무 좋아! 지해야… 나 너무 떨려!!!,그런데… 아니야 나 먼저 갈게.
617,이암,미안해. 다녀 올게…,"미안해,"
619,이암,여보세요? 암 병동 연결 좀 부탁드립니다.,네가 여자 잘못 만난 것 같아.
621,이암,아니요. 진료 예약 좀 하려고 하는데요…,"알았는데… 언젠간 이렇게 될 거 알았는데, 내가 너무 이기적이었어."
623,이암,그냥 저 그런 건 모르겠고 진료 예약 좀 잡아 주세요.,"나… 네가 너무 좋아서, 잠깐 외면했어. 나 진짜 알고 있었거든? 그런데 외면했어."
625,이암,"그런 소리 제발 그만하고! 지금, 내일이라도… 좀 빠르게 잡아 주세요! 제발 우리
지해 살려 주세요.",미안해. 진짜 미안해.
627,이암,지해야. 왜 나와 있어? 약은 먹었어?,잠깐만… 이리 와 봐.
629,이암,응?,너 뭐하고 왔어.
631,이암,"그냥, 여기저기…",이제 병원 그만 찾자… 의사 선생님도 홈 호스피스 하라고 하셨잖아.
633,이암,"아니, 나는 못해. 그렇게 못해.","다른 거 이제 그만 생각하고 내 옆에 있어주면 안 될까?
우리 아기 육아 방법도 너가 알아야 하고."
635,이암,"아니, 지금 그게 중요한 게 아니잖아.",이암아… 그게 제일 중요해.
637,이암,"그래 그래… 알아… 너 마음 아는데, 난 못해. 너 포기 못해.",그러지 마. 우리 받아들이고 미래를 준비하자.
639,이암,"나한테는 이게 미래야. 너 치료 방법 찾고 입원할 병원도 찾고… (사이) 내 미래는
너야.",우리 미래는 여기 있잖아.
641,이암,…,너 자꾸 이러면 나 우리 아기 걱정돼서 어떻게 가…
644,연수,(눈물을 참고 있다),"내 사랑들 다 모였네.
연수야, 이리 와 봐."
646,연수,어.,그만하고 이리 오라니까.
648,연수,이것만 좀 더 하고.,연수야. 얼굴 좀 더 보고 싶어. 그만하고 앉아.
650,연수,계속 볼 거야. 내일도 보고 일 년 뒤에도 보고! (앉는다),"그래… 나 있잖아,"
652,노래,[노래] 나의 바람,"하… 조금만 더 살고 싶다. 한 1-2년이면 어떨까, 그래 딱 2년만…"
654,연수,그런 소리 하지 마.,"그래 그래, 하… 궁금하다."
656,연수,뭐가?,우리 딸. 어떤 아이일까?
658,연수,… 어떤 아이였으면 좋겠는데?,어떤 아이였으면 좋겠다… 그런 건 없고 그냥 궁금해.
660,연수,어떨 것 같은데?,"일단 귀여운 반곱슬에 피부는 좀 까무잡잡할 것 같고?
그래 이거 하나, 키는 컸으면 좋겠다. 그리고 무엇보다 자기주장이 강할 거야.
절대 포기하지 않고 누구의 말에 휘둘리지도 않고… 그리고 아주 긍정적일 것 같아."
662,연수,너무 그렇게 기대는 하지 않았으면 좋겠어.,무슨 말이야?
664,연수,"아니, 그냥… 나중에 실망할 수도 있잖아. 딸이 원하는대로 못 크면… 딸도 그렇게
기대에 못 미치니까… 엄마한테 미안할 수도 있을 거 같고, 그렇지 않을까?",그러면 어때. 그것도 자기 인생이고… 나는 어떤 선택을 하건 응원하는 사람일텐데?
666,연수,정말? 어떤 선택을 해도 응원할 거야?,아마도?
668,연수,아마도가 뭐야.,나는 하늘에서 꼭 지켜보고 응원하고 싶은데… 혹시나 그런 게 없을까 봐…
670,연수,… 진짜 없나 …,응?
672,연수,진짜 없는 거 아닐까? 막상 응원한다고는 하지만 … 뭐 할 수 있는 게 없잖아.,그게 무슨 말이야.
676,연수,미안해… 진짜 미안해. 아프지 마… 나 때문에 아프지 마… 진짜 미안해.,너 때문에 아픈 거 아니야.
678,연수,"왜 화도 안 내! 어디 원망도 하고, 왜 말 그렇게 하냐고, 화도 내고 해야지.
(이암에게) 왜 가만 있어! 왜 싫은 소리 안 하고 가만 있냐구!","부탁이 있어.
둘 다.
일단 하나. 약속해 줘. 잘 지내겠다고… 내가 너희들한테 받은 도움이 너무 많은데
다 못 돌려줬잖아. 나한테 줬던 도움만큼 너희들도 행복했으면 좋겠어.
그러니까 누가 방해해도, 누가 말려도 절대로 포기하지 마."
680,이암,그럴게… 알았어 약속할게 잘 지낼게…,그리고 이거.
682,이암,뭐야?,"‘나의 노래’야. 이 노래로 오디션 보고 오면 좋겠어.
이게 바로 ‘지해의 노래’라구! 그러니까 이담에 우리 딸이랑도 같이 불렀으면
좋겠어. 약속."
687,노래,[노래] 지해의 노래,여보
